INSERT INTO hospital.dict_doctors (first_name, second_name, third_name, 
birth_date, is_active, created_user) values
('Иван', 'Петров', 'Сергеевич', '1978-05-12', true, 'system'),
('Мария', 'Иванова', 'Алексеевна', '1982-11-03', true, 'system'),
('Александр', 'Смирнов', 'Викторович', '1985-03-22', true, 'system'),
('Елена', 'Кузнецова', 'Павловна', '1975-09-15', true, 'system'),
('Дмитрий', 'Волков', 'Александрович', '1972-07-08', true, 'system'),
('Ольга', 'Морозова', 'Николаевна', '1980-12-19', true, 'system'),
('Сергей', 'Федоров', 'Иванович', '1968-04-30', true, 'system'),
('Наталья', 'Лебедева', 'Владимировна', '1979-02-14', true, 'system'),
('Виктор', 'Попов', 'Михайлович', '1965-10-25', true, 'system'),
('Анна', 'Егорова', 'Сергеевна', '1976-06-11', true, 'system'),
('Михаил', 'Козлов', 'Петрович', '1971-01-18', true, 'system'),
('Татьяна', 'Зайцева', 'Анатольевна', '1983-08-07', true, 'system'),
('Алексей', 'Макаров', 'Юрьевич', '1981-12-02', true, 'system'),
('Светлана', 'Новикова', 'Дмитриевна', '1974-05-29', true, 'system'),
('Екатерина', 'Соколова', 'Васильевна', '1987-09-14', true, 'system'),
('Константин', 'Быков', 'Алексеевич', '1984-03-27', true, 'system'),
('Игорь', 'Громов', 'Владиславович', '1977-11-09', true, 'system'),
('Валентина', 'Шевченко', 'Олегівна', '1980-07-21', true, 'system'),
('Павел', 'Романов', 'Николаевич', '1960-02-13', false, 'system'),
('Галина', 'Васильева', 'Ивановна', '1970-10-05', false, 'system'),
('Артем', 'Лисов', 'Максимович', '1995-04-16', true, 'system'),
('Дарья', 'Шестакова', 'Андреевна', '1993-12-23', true, 'system')

INSERT INTO hospital.dict_positions (position_name, is_active, created_user) values
('Врач-терапевт', true, 'system'),
('Участковый терапевт', true, 'system'),
('Врач общей практики', true, 'system'),
('Хирург', true, 'system'),
('Детский хирург', true, 'system'),
('Сосудистый хирург', true, 'system'),
('Травматолог-ортопед', true, 'system'),
('Кардиолог', true, 'system'),
('Невролог', true, 'system'),
('Эндокринолог', true, 'system'),
('Гастроэнтеролог', true, 'system'),
('Гинеколог', true, 'system'),
('Акушер-гинеколог', true, 'system'),
('Педиатр', true, 'system'),
('Неонатолог', true, 'system'),
('Рентгенолог', true, 'system'),
('УЗИ-специалист', true, 'system'),
('Функциональная диагностика', true, 'system'),
('Стоматолог-терапевт', true, 'system'),
('Стоматолог-хирург', true, 'system'),
('ЛОР (отоларинголог)', true, 'system'),
('Заведующий отделением', true, 'system'),
('Старшая медицинская сестра', true, 'system'),
('Фельдшер', false, 'system')

INSERT INTO hospital.dict_patients (
    first_name, second_name, third_name, birth_date, registration_date, OMS_name, is_active, created_user
) values
('Анна', 'Иванова', 'Петровна', '1985-03-15', '2025-01-10', 1234567890123456, true, 'system'),
('Михаил', 'Петров', 'Сергеевич', '1978-07-22', '2025-02-03', 2234567890123456, true, 'system'),
('Елена', 'Смирнова', 'Алексеевна', '1990-11-08', '2025-01-20', 3234567890123456, true, 'system'),
('Дмитрий', 'Кузнецов', 'Викторович', '1982-05-30', '2025-03-01', 4234567890123456, true, 'system'),
('София', 'Волкова', 'Дмитриевна', '2018-09-12', '2025-01-15', 5234567890123456, true, 'system'),
('Артем', 'Морозов', 'Иванович', '2015-02-18', '2025-02-10', 6234567890123456, true, 'system'),
('Алиса', 'Федорова', 'Николаевна', '2020-06-25', '2025-03-15', 7234567890123456, true, 'system'),
('Иван', 'Попов', 'Михайлович', '2017-12-03', '2025-01-05', 8234567890123456, true, 'system'),
('Валентина', 'Егорова', 'Анатольевна', '1955-04-17', '2024-11-20', 9234567890123456, true, 'system'),
('Николай', 'Козлов', 'Петрович', '1962-08-09', '2025-02-28', 0234567890123456, true, 'system'),
('Галина', 'Зайцева', 'Васильевна', '1958-10-14', '2024-12-01', 1235567890123456, true, 'system'),
('Виктория', 'Макарова', 'Андреевна', '1998-01-27', '2025-03-10', 2235567890123456, true, 'system'),
('Александр', 'Новиков', 'Юрьевич', '2001-07-19', '2025-02-15', 3235567890123456, true, 'system'),
('Дарья', 'Соколова', 'Константиновна', '1995-12-05', '2025-01-25', 4235567890123456, true, 'system'),
('Павел', 'Быков', 'Олегович', '1980-09-11', '2024-06-15', 5235567890123456, false, 'system'),
('Татьяна', 'Громова', 'Сергеевна', '1975-03-28', '2024-05-20', 6235567890123456, false, 'system'),
('Оксана', 'Лисова', 'Владимировна', '1988-11-02', '2025-03-05', 7235567890123456, true, 'system'),
('Сергей', 'Шестаков', 'Максимович', '1983-04-16', '2025-02-20', 8235567890123456, true, 'system'),
('Марина', 'Романова', 'Алексеевна', '1992-08-31', '2025-01-30', 9235567890123456, true, 'system')

INSERT INTO hospital.dict_diseases_type (disease_type_name, created_user) values
('Инфекционные и паразитарные болезни', 'system'),
('Болезни органов дыхания', 'system'),
('Болезни системы кровообращения', 'system'),
('Болезни органов пищеварения', 'system'),
('Болезни нервной системы', 'system'),
('Болезни эндокринной системы', 'system'),
('Болезни мочеполовой системы', 'system'),
('Болезни кожи и подкожной клетчатки', 'system'),
('Травмы и отравления', 'system'),
('Новообразования', 'system')

INSERT INTO hospital.dict_diseases (
    disease_name, dangerous, type_diseases, description, therapy_name, is_active, created_user
) values
('Грипп', 'средний', 'Болезни органов дыхания', 
 'Острая вирусная инфекция с лихорадкой, кашлем, ломотой в мышцах', 
 'Антивирусные, жаропонижающие, постельный режим', true, 'system'),
 ('Пневмония', 'высокий', 'Болезни органов дыхания', 
 'Воспаление легких бактериальной/вирусной этиологии', 
 'Антибиотики цефалоспорины, макролиды, физиотерапия', true, 'system'),
 ('Бронхит', 'низкий', 'Болезни органов дыхания', 
 'Воспаление бронхов с кашлем и выделением мокроты', 
 'Муколитики, ингаляции, противовирусные при необходимости', true, 'system'),
 ('Гипертония', 'высокий', 'Болезни системы кровообращения', 
 'Хроническое повышение артериального давления >140/90 мм рт.ст.', 
 'Ингибиторы АПФ, бета-блокаторы, диуретики, диета', true, 'system'),
 ('ИБС', 'критический', 'Болезни системы кровообращения', 
 'Ишемическая болезнь сердца, стенокардия, инфаркт миокарда', 
 'Нитроглицерин, статины, антиагреганты, ЧКВ', true, 'system'),
 ('Аритмия', 'средний', 'Болезни системы кровообращения', 
 'Нарушения сердечного ритма (фибрилляция, тахикардия)', 
 'Антиаритмики, бета-блокаторы, кардиоверсия', true, 'system'),
 ('Гастрит', 'низкий', 'Болезни органов пищеварения', 
 'Воспаление слизистой желудка (острое/хроническое)', 
 'ИПП (омепразол), антациды, спазмолитики, диета №1', true, 'system'),
 ('Язва желудка', 'высокий', 'Болезни органов пищеварения', 
 'Эрозивно-язвенный дефект слизистой желудка/ДПК', 
 'ИПП, антибиотики (хелико-бактер), спазмолитики', true, 'system'),
 ('Холецистит', 'средний', 'Болезни органов пищеварения', 
 'Воспаление желчного пузыря, желчнокаменная болезнь', 
 'Спазмолитики, урсодезоксихолевая кислота, холецистэктомия', true, 'system'),
 ('Мигрень', 'низкий', 'Болезни нервной системы', 
 'Пароксизмальная головная боль с тошнотой, фотобоязнью', 
 'Триптаны, НПВС, бета-блокаторы, антидепрессанты', true, 'system'),
 ('Невралгия', 'средний', 'Болезни нервной системы', 
 'Боль по ходу периферических нервов (тройничного, межреберная)', 
 'НПВС, габапентиноиды, блокады, физиотерапия', true, 'system'),
 ('Сахарный диабет 2 типа', 'высокий', 'Болезни эндокринной системы', 
 'Хроническая гипергликемия, инсулинорезистентность', 
 'Метформин, сульфонилмочевины, инсулин, диета', true, 'system'),
 ('Гипотиреоз', 'средний', 'Болезни эндокринной системы', 
 'Недостаточность функции щитовидной железы', 
 'Л-тироксин, контроль ТТГ каждые 6 месяцев', true, 'system'),
 ('Цистит', 'низкий', 'Болезни мочеполовой системы', 
 'Воспаление мочевого пузыря инфекционной природы', 
 'Фосфомицин, нитрофураны, обильное питье, УЗИ почек', true, 'system'),
 ('Пиелонефрит', 'высокий', 'Болезни мочеполовой системы', 
 'Воспаление почек восходящим путем от мочевого пузыря', 
 'Цефалоспорины 3 поколения, фторхинолоны', true, 'system'),
 ('Дерматит', 'низкий', 'Болезни кожи и подкожной клетчатки', 
 'Воспаление кожи аллергической/контактной природы', 
 'Топические кортикостероиды, антигистаминные, исключение контакта', true, 'system'),
 ('Перелом лучевой кости', 'средний', 'Травмы и отравления', 
 'Закрытый/открытый перелом предплечья', 
 'Иммобилизация, НПВС, физиотерапия после сращения', true, 'system'),
 ('Ожог II степени', 'высокий', 'Травмы и отравления', 
 'Поверхностный/глубокий ожог кожи термальный/химический', 
 'Пантестин, антисептики, обезболивание, пересадка кожи', true, 'system'),
 ('Ангинa', 'средний', 'Болезни органов дыхания', 
 'Острое воспаление миндалин с налетом и лихорадкой', 
 'Пенициллины, макролиды, полоскания, постельный режим', true, 'system'),
 ('Отит', 'средний', 'Болезни органов дыхания', 
 'Воспаление среднего уха с болью и повышением температуры', 
 'Амоксициллин, ушные капли, физиотерапия', true, 'system')
 
 INSERT INTO hospital.dict_symptoms (symptom_name, created_user) values
 ('Повышение температуры', 'system'),
('Слабость и утомляемость', 'system'),
('Головная боль', 'system'),
('Головокружение', 'system'),
('Потеря аппетита', 'system'),
('Кашель', 'system'),
('Затрудненное дыхание', 'system'),
('Одышка', 'system'),
('Боль в груди при кашле', 'system'),
('Тошнота', 'system'),
('Рвота', 'system'),
('Боль в животе', 'system'),
('Диарея', 'system'),
('Запор', 'system'),
('Вздутие живота', 'system'),
('Боль в сердце', 'system'),
('Перебои в работе сердца', 'system'),
('Повышенное артериальное давление', 'system'),
('Отеки ног', 'system'),
('Онемение конечностей', 'system'),
('Покалывание в руках/ногах', 'system'),
('Нарушение зрения', 'system'),
('Тремор рук', 'system'),
('Боль при мочеиспускании', 'system'),
('Частое мочеиспускание', 'system'),
('Изменение цвета мочи', 'system'),
('Сыпь на коже', 'system'),
('Зуд кожи', 'system'),
('Насморк', 'system'),
('Боль в горле', 'system'),
('Увеличение лимфоузлов', 'system')

INSERT INTO hospital.map_prof (doctor_id, position_id, start_date, end_date, created_user) values
(1, 1, '2020-01-01 00:00:00', '2023-12-31 23:59:59', 'system'),
(1, 6, '2024-01-01 00:00:00', '2399-12-31 23:59:59', 'system'),
(2, 2, '2018-06-15 00:00:00', '2399-12-31 23:59:59', 'system'),
(3, 4, '2019-03-10 00:00:00', '2399-12-31 23:59:59', 'system'),
(5, 4, '2021-09-01 00:00:00', '2399-12-31 23:59:59', 'system'),
(5, 21, '2024-01-01 00:00:00', '2399-12-31 23:59:59', 'system'),
(6, 4, '2020-11-20 00:00:00', '2399-12-31 23:59:59', 'system'),
(7, 6, '2015-05-12 00:00:00', '2399-12-31 23:59:59', 'system'),
(9, 6, '2017-08-25 00:00:00', '2399-12-31 23:59:59', 'system'), 
(9, 21, '2023-01-01 00:00:00', '2399-12-31 23:59:59', 'system'),
(10, 13, '2022-03-15 00:00:00', '2399-12-31 23:59:59', 'system'),
(11, 7, '2019-12-01 00:00:00', '2399-12-31 23:59:59', 'system'),
(12, 8, '2021-02-14 00:00:00', '2399-12-31 23:59:59', 'system'),
(13, 9, '2020-07-08 00:00:00', '2399-12-31 23:59:59', 'system'),
(14, 11, '2018-10-19 00:00:00', '2399-12-31 23:59:59', 'system'),
(15, 13, '2023-01-10 00:00:00', '2399-12-31 23:59:59', 'system'),
(16, 14, '2022-06-27 00:00:00', '2399-12-31 23:59:59', 'system'),
(17, 15, '2019-04-09 00:00:00', '2399-12-31 23:59:59', 'system'),
(18, 16, '2021-11-21 00:00:00', '2399-12-31 23:59:59', 'system'),
(20, 18, '2024-02-16 00:00:00', '2399-12-31 23:59:59', 'system'),
(21, 19, '2023-09-23 00:00:00', '2399-12-31 23:59:59', 'system'),
(4, 22, '2022-01-15 00:00:00', '2399-12-31 23:59:59', 'system')

INSERT INTO hospital.map_patients2diseases (
    patient_id, disease_id, doctor_id, start_date, end_date, is_other_therapy, other_therapy, created_user
) values
(1, 1, 1, '2025-12-15 10:30:00', '2025-12-25 12:00:00', false, NULL, 'system'),
(1, 4, 1, '2026-01-20 14:15:00', '2399-12-31 23:59:59', true, 'Метформин 500мг х2р/день', 'system'),
(2, 17, 2, '2026-02-01 09:20:00', '2026-02-12 16:00:00', false, NULL, 'system'),
(2, 7, 13, '2026-02-20 11:00:00', '2399-12-31 23:59:59', true, 'Омепразол 20мг х2р/день', 'system'),
(3, 15, 12, '2026-01-10 15:45:00', '2026-01-18 10:30:00', false, NULL, 'system'),
(5, 1, 15, '2026-01-05 08:30:00', '2026-01-14 14:00:00', false, NULL, 'system'),
(5, 18, 15, '2026-02-28 10:15:00', '2399-12-31 23:59:59', true, 'Амоксициллин 250мг х3р/день', 'system'),
(9, 4, 1, '2024-11-10 09:00:00', '2399-12-31 23:59:59', true, 'Эналаприл 10мг х1р/день', 'system'),
(9, 12, 12, '2025-06-15 13:20:00', '2399-12-31 23:59:59', true, 'Метформин 850мг х2р/день', 'system'),
(10, 16, 5, '2026-02-10 11:30:00', '2026-03-01 16:00:00', false, NULL, 'system'),
(12, 10, 11, '2026-03-01 16:45:00', '2399-12-31 23:59:59', true, 'Суматриптан 50мг при приступе', 'system'),
(13, 2, 9, '2026-01-25 12:20:00', '2026-02-08 09:30:00', false, NULL, 'system'),
(15, 14, 12, '2026-02-15 14:10:00', '2026-02-28 11:00:00', false, NULL, 'system'),
(17, 9, 13, '2026-03-02 10:00:00', '2399-12-31 23:59:59', true, 'Урсофальк 250мг х2р/день', 'system'),
(18, 5, 9, '2025-12-01 08:45:00', '2399-12-31 23:59:59', true, 'Аторвастатин 20мг х1р/вечер', 'system'),
(19, 3, 2, '2026-02-05 15:20:00', '2026-02-20 13:00:00', false, NULL, 'system'),
(4, 17, 2, '2026-01-30 09:15:00', '2026-02-10 17:00:00', false, NULL, 'system'),
(6, 15, 12, '2026-02-12 11:45:00', '2026-02-22 10:30:00', false, NULL, 'system'),
(7, 1, 15, '2026-01-18 14:00:00', '2026-01-28 12:15:00', false, NULL, 'system'),
(8, 10, 11, '2026-02-25 16:30:00', '2399-12-31 23:59:59', true, 'Ибупрофен 400мг х2р/день', 'system'),
(11, 7, 13, '2025-11-20 10:20:00', '2399-12-31 23:59:59', true, 'Панкреатин 10000 х3р/еды', 'system'),
(14, 2, 9, '2026-03-01 13:45:00', '2399-12-31 23:59:59', true, 'Азитромицин 500мг х3дня', 'system')

INSERT INTO hospital.map_diseases2symptoms (patients2diseases_id, symptom_id, is_active, created_user) values
(1, 1, true, 'system'),  
(1, 7, true, 'system'),  
(1, 25, true, 'system'), 
(1, 24, true, 'system'), 
(2, 17, true, 'system'), 
(2, 3, true, 'system'),  
(2, 16, true, 'system'),
(3, 1, true, 'system'), 
(3, 25, true, 'system'),
(3, 10, true, 'system'),
(4, 12, true, 'system'), 
(4, 10, true, 'system'), 
(4, 11, true, 'system'), 
(5, 22, true, 'system'), 
(5, 23, true, 'system'), 
(6, 1, true, 'system'), 
(6, 7, true, 'system'),  
(6, 2, true, 'system'), 
(7, 1, true, 'system'),  
(7, 3, true, 'system'), 
(8, 17, true, 'system'),
(8, 3, true, 'system'), 
(8, 4, true, 'system'),  
(9, 2, true, 'system'), 
(9, 5, true, 'system'), 
(10, 1, true, 'system'), 
(10, 12, true, 'system'),
(11, 3, true, 'system'), 
(11, 10, true, 'system'),
(12, 1, true, 'system'), 
(12, 8, true, 'system'), 
(12, 9, true, 'system'),
(13, 27, true, 'system'),
(13, 26, true, 'system'),
(14, 12, true, 'system'),
(15, 15, true, 'system'),
(15, 2, true, 'system'), 
(16, 7, true, 'system'), 
(16, 1, true, 'system'), 
(1, 20, false, 'system'),
(17, 17, true, 'system'), 
(18, 22, true, 'system'), 
(19, 1, true, 'system'),  
(20, 3, true, 'system'), 
(21, 12, true, 'system'), 
(22, 8, true, 'system')